cut,count,mean,median
Premium,13791,4222.905374481622,3763.333333333333
Very Good,12082,4014.1283656780056,3605.8257918552035
Ideal,21551,3919.6998251310333,3307.1428571428573
Good,4906,3860.0276797498113,3613.25
Fair,1610,3767.255681282342,3449.4444444444443
